,repo_name,method_invocations
0,github-for-unity/Unity,1
1,Unity-Technologies/UnityCsReference,0
2,XINCGer/Unity3DTraining,62
3,nickgravelyn/UnityToolbag,0
4,microsoft/MixedRealityToolkit-Unity,4
5,ricardojmendez/UnitySteer,0
6,neuecc/UniRx,3
7,KhronosGroup/UnityGLTF,15
8,googlevr/gvr-unity-sdk,27
9,i-saint/Unity5Effects,32
10,soomla/unity3d-store,10
11,UnityCommunity/UnityLibrary,33
12,fholm/unityassets,0
13,NetEase/UnitySocketIO,0
14,unitystation/unitystation,22
15,spr1ngd/UnityCodes,2
16,OpenMined/UnityWorker,0
17,andyburke/UnityHTTP,0
18,Nition/UnityOctree,0
19,Unity-Technologies/UnityPlayground,15
20,GaoKaiHaHa/UnityLockStepDemo,26
21,playgameservices/play-games-plugin-for-unity,29
22,Perfare/Il2CppDumper,0
23,googleads/googleads-mobile-unity,0
24,kbengine/kbengine_unity3d_demo,12
25,google-ar/arcore-unity-sdk,44
26,jorgegarcia/UnityOSC,0
27,SaladLab/Json.Net.Unity3D,0
28,QianMo/Unity-Design-Pattern,39
29,unity3d-jp/unitychan-crs,28
30,EllanJiang/UnityGameFramework,53
31,Rutgers-CG/Unity,0
32,SlightlyMad/VolumetricLights,0
33,thefuntastic/Unity3d-Finite-State-Machine,0
34,fairygui/FairyGUI-unity,35
35,zouchunyi/UnityAvater,0
36,KellanHiggins/UnityFBXExporter,0
37,gkngkc/UnityStandaloneFileBrowser,0
38,BLINDED-AM-ME/UnityAssets,3
39,dbrizov/NaughtyAttributes,0
40,leapmotion/UnityModules,38
41,topameng/tolua,6
42,u3dkbe/kbengine_unity3d_warring,75
43,FreyaHolmer/ShaderForge,0
44,billwillman/UnityResourceMgr,36
45,jacksondunstan/UnityNativeScripting,0
46,tsubaki/UnityAssetCleaner,0
47,Banbury/UnitySpritesAndBones,0
48,jderrough/UnitySlippyMap,7
49,Dandarawy/UnityBookPageCurl,5
50,GaoKaiHaHa/MyUnityFrameWork,0
51,kbengine/kbengine_unity3d_plugins,0
52,firebase/quickstart-unity,10
53,TheMasonX/UnityPCSS,24
54,GameBuildingBlocks/UnityComponent,0
55,totuworld/unity,4
56,sebas77/-Obsolete-Lightweight-IoC-Container-for-Unity3D,0
57,chromealex/Unity3d.UI.Windows,30
58,PhannGor/unity3d-rainbow-folders,0
59,IronWarrior/SuperCharacterController,9
60,rlabrecque/Steamworks.NET,0
61,Whinarn/UnityMeshSimplifier,0
62,proepkes/UnityLockstep,29
63,Unity-Technologies/FPSSample,17
64,watson-developer-cloud/unity-sdk,0
65,mapbox/mapbox-unity-sdk,119
66,SebLague/Procedural-Landmass-Generation,81
67,akbiggs/UnityTimer,0
68,Unity-Technologies/ShaderGraph,0
69,dilmerv/UnityARFoundationEssentials,44
70,luzexi/Unity3DAIBehaviorTree,0
71,Interkarma/daggerfall-unity,44
72,udacity/self-driving-car-sim,46
73,yasirkula/UnityAssetUsageDetector,0
74,PimDeWitte/UnityMainThreadDispatcher,0
75,CMU-Perceptual-Computing-Lab/openpose_unity_plugin,0
76,ElPsyCongree/LuaProfiler-For-Unity,5
77,handcircus/Unity-Resource-Checker,0
78,MrNerverDie/Unity-UI-Framework,0
79,googlearchive/tango-examples-unity,268
80,Unity-Technologies/UnityRenderStreaming,0
81,RonenNess/UnityUtils,24
82,yasirkula/UnityIngameDebugConsole,3
83,keijiro/KinoGlitch,0
84,Rinirihiriro/UnityValley,8
85,keijiro/Skinner,0
86,JetBrains/resharper-unity,1
87,MikeJinhua/UnitySocketProtobuf3Demo,0
88,EsProgram/InkPainter,14
89,keijiro/Klak,8
90,meng-hui/UnityEngineAnalyzer,0
91,superzhan/UnityBubbleGame,0
92,dotBunny/VSCode,0
93,HearthSim/UnityHook,0
94,antonpantev/unity-movement-ai,18
95,cmilr/Unity2D-Components,5
96,Unity-Technologies/Unity.Mathematics,0
97,yasirkula/UnityBezierSolution,0
98,Brackeys/2D-Character-Controller,0
99,MrJoy/UnitySVG,0
100,ValveSoftware/steamvr_unity_plugin,16
101,ricardojmendez/UnitySteerExamples,0
102,staffantan/unityglitch,0
103,Syomus/ProceduralToolkit,3
104,NVentimiglia/Unity3d-Foundation,10
105,MicroGSD/RoadArchitect,0
106,yasirkula/UnityRuntimeInspector,15
107,keijiro/KinoBloom,1
108,Unity-Technologies/multiplayer,9
109,colyseus/colyseus-unity3d,0
110,robertohuertasm/SQLite4Unity3d,0
111,cakeslice/Outline-Effect,2
112,luzexi/Unity3DGameResource,0
113,kefniark/UnityBarcodeScanner,0
114,mikelovesrobots/unity3d-console,1
115,IndieVisualLab/UnityGraphicsProgramming,42
116,DaVikingCode/UnityRuntimeSpriteSheetsGenerator,0
117,Demigiant/dotween,42
118,kbengine/unity3d_nav_critterai,0
119,akof1314/UnityParticleSystemPreview,0
120,luis-l/UnityNodeEditorBase,0
121,googlesamples/unity-jar-resolver,0
122,Banbury/UnityPsdImporter,0
123,AsehesL/UnityWaveEquation,12
124,Mervill/Unity3D-NLua,5
125,sttsai/PBaseDefense_Unity3D,2
126,slipster216/VertexPaint,0
127,Gluschenko/UnityDarkSkin,0
128,sabresaurus/SabreCSG,0
129,Naphier/unity-design-patterns,11
130,kimsama/Unity-QuickSheet,0
131,mattatz/unity-voxel,2
132,prime31/GoKit,0
133,pubnub/unity,0
134,soomla/unity3d-profile,1
135,MaxwellGengYF/Unity-MPipeline,13
136,deadlyfingers/UnityWav,0
137,mvi/UnityXNA,0
138,modesttree/Unity3dAsyncAwaitUtil,3
139,Seanba/Tiled2Unity,0
140,monitor1394/unity-ugui-XCharts,13
141,jiulongw/swift-unity,0
142,stormtek/unity-rts-demo,24
143,PlayFab/UnitySDK,0
144,yasirkula/UnitySimpleFileBrowser,0
145,daemon3000/InputManager,71
146,HiddenMonk/Unity3DRuntimeTransformGizmo,28
147,woshihuo12/UnityHello,6
148,AngryAnt/UnityHacks,40
149,keenanwoodall/Deform,0
150,EnoxSoftware/OpenCVForUnity,33
151,umasteeringgroup/UMA,42
152,u3dkbe/kbengine_unity3d_balls,4
153,mpreble/UnityFBXImporter,0
154,lordjesus/UnityNEAT,2
155,liangxiegame/QFramework,0
156,parse-community/Parse-SDK-dotNET,0
157,SebLague/2DPlatformer-Tutorial,43
158,SaladLab/Unity3D.IncrementalCompiler,0
159,alvyxaz/barebones-masterserver,23
160,MephestoKhaan/UnityEventVisualizer,0
161,zios/unity-themes,0
162,Unity-Technologies/AssetGraph,0
163,exmex/UnityMoba,2
164,NicholasSheehan/Unity-Native-Sharing,0
165,cjddmut/Unity-2D-Platformer-Controller,13
166,keijiro/MidiJack,0
167,jamesjlinden/unity-decompiled,89
168,luzexi/Unity3DNavMesh,0
169,keijiro/KvantSpray,0
170,DanVioletSagmiller/UnitySOLID,6
171,SlightlyMad/AtmosphericScattering,10
172,coconauts/startcraft-unity3d,34
173,Unity-Technologies/PostProcessing,0
174,GenaSG/UnityUnetMovement,23
175,tsubaki/Unity_UI_Samples,0
176,GlitchEnzo/NuGetForUnity,0
177,Unity-Technologies/DOTS-training-samples,114
178,kmbang/UnityNativeEdit,6
179,googleanalytics/google-analytics-plugin-for-unity,0
180,keijiro/SonarFx,1
181,keijiro/Reaktion,2
182,MattRix/Futile,14
183,mmd-for-unity-proj/mmd-for-unity,0
184,DMeville/Unity3d-Dungeon-Generator,2
185,jpush/jpush-unity3d-plugin,2
186,snowballdigital/flutter-unity-view-widget,3
187,kaistseo/UnitySocketIO-WebSocketSharp,0
188,TouchScript/TouchScript,27
189,LiuFeng1011/UnityNetWork,0
190,keijiro/unity-dither4444,0
191,dbrizov/NaughtyWaterBuoyancy,0
192,YousicianGit/UnityMenuSystem,1
193,dave-hillier/disruptor-unity3d,0
194,keijiro/KvantGrass,0
195,roboryantron/UnityEditorJunkie,0
196,GTA-ASM/SanAndreasUnity,54
197,Elringus/UnityGoogleDrive,0
198,UnityCommunity/UnitySingleton,0
199,kwnetzwelt/unity3d-dissolve-shader,0
200,badkangaroo/UnityProjects,38
201,EllanJiang/GameFramework,0
202,spatialos/gdk-for-unity,11
203,keijiro/Pix2Pix,3
204,unity3d-jp/UnityChanSpringBone,0
205,Wenzil/UnityConsole,14
206,qinyuanpei/Excel2Unity,0
207,Phong13/BulletSharpUnity3d,65
208,ArthurBrussee/Vapor,0
209,noodle1983/UnityAndroidIl2cppPatchDemo,0
210,imkira/unity-sysfont,0
211,NetEase/pomelo-unityclient-socket,0
212,keijiro/Voxelman,0
213,pixelnest/tutorial-2d-game-unity,4
214,aliessmael/Unity-Logs-Viewer,22
215,EcsRx/ecsrx.unity,18
216,CiaccoDavide/Unity-UI-Polygon,0
217,fpanettieri/unity-socket.io-DEPRECATED,0
218,unitycoder/UnityLauncher,0
219,ricardojmendez/LibNoise.Unity,0
220,dcariola/XCodeEditor-for-Unity,0
221,Unity-Technologies/arfoundation-samples,12
222,huika/UMA,13
223,SebLague/Path-Creator,0
224,keijiro/KinoFog,0
225,sploreg/goap,0
226,dzonatan/Unity3D-LogCat-extension,0
227,aceyan/UnityEffects,0
228,dgkanatsios/AngryBirdsStyleGame,13
229,soomla/unity3d-levelup,16
230,Dandarawy/Unity3D-Globe,59
231,UnityTech/ConnectAppCN,33
232,neuecc/ZeroFormatter,0
233,Unity-Technologies/Standard-Assets-Characters,3
234,Cysharp/MagicOnion,0
235,Nition/UnitySkidmarks,6
236,Chaser324/unity-build,0
237,gabstv/Farseer-Unity3D,8
238,thomasfredericks/UnityOSC,0
239,tinkerer/UnityWrapper,0
240,Unity-Technologies/vscode-unity-debug,0
241,Unity-Technologies/2d-techdemos,5
242,WiggleWizard/quake3-movement-unity3d,8
243,JefferiesTube/UnityEditorHelper,0
244,Mukarillo/UnityTetris,5
245,Busta117/SQLiteUnityKit,0
246,mofr/Diablerie,33
247,Reinisch/Darkest-Dungeon-Unity,76
248,allanpichardo/Unity-Beat-Detection,0
249,xraxra/IMP,0
250,windowsgamessamples/UnityPorting,7
251,GabLeRoux/unity3d-ci-example,3
252,y85171642/UnityWebSocket,0
253,Chman/Moments,1
254,Siccity/xNode,0
255,ecidevilin/UnityMeshSimplify,9
256,aws-samples/aws-sdk-unity-samples,0
257,Flafla2/Unity-Wiimote,0
258,KeyleXiao/UNITY3D-DATA-VIEWER,0
259,keijiro/Boids,0
260,modesttree/Projeny,0
261,akof1314/UnityAssetDanshari,0
262,unity-plugins/google-services-unity,0
263,GlitchEnzo/UnityPSDLayoutTool,0
264,vis2k/Mirror,18
265,mopsicus/UnityMobileInput,4
266,IronWarrior/UnityReplaySystem,7
267,tsubaki/Unity-Excel-Importer-Maker,0
268,bitcraftCoLtd/protobuf3-for-unity,0
269,nickjanssen/UnityToThreeExporter,0
270,georgejecook/UnityTimelineEvents,0
271,sschmid/Entitas-CSharp,0
272,jeffvella/UnityNativeCollision,0
273,mjholtzem/Unity-2D-Destruction,1
274,Unity-Technologies/unityscript2csharp,0
275,keijiro/KvantSwarm,0
276,fmod/UnityIntegration,0
277,ExtendRealityLtd/VRTK,0
278,playdeadgames/temporal,0
279,tutsplus/UnityFruitCutter,4
280,TomorrowTodayLabs/NewtonVR,0
281,Amaranthos/UnityHexGrid,0
282,ProtoTurtle/UnityBitmapDrawing,0
283,NetEase/pomelo-unityclient,0
284,opencog/unity3d-opencog-game,20
285,Real-Serious-Games/Unity-Weld,0
286,JustInvoke/Randomation-Vehicle-Physics,23
287,keijiro/FFmpegOut,0
288,talecrafter/AnimationImporter,0
289,MEyes/uMVVM,0
290,keijiro/Pcx,0
291,lordofduct/spacepuppy-unity-framework,101
292,Looking-Glass/JoyconLib,0
293,Mizipzor/UnityTileMap,10
294,marian42/wavefunctioncollapse,12
295,keijiro/ShaderGraphExamples,0
296,Unity-Technologies/AutoLOD,0
297,andrewmacquarrie/UnityProjectionMapping,12
298,Scrawk/Ceto,23
299,Kogarasi/Unity-Webview,0
300,javierquevedo/bubble-shooter-unity3d,2
301,cfoulston/Unity-Reorderable-List,1
302,cesardeazevedo/Unity3D-Python-Editor,0
303,yasirkula/UnityDynamicPanels,7
304,luzan/UnityVideoPlayer,0
305,mattatz/unity-teddy,7
306,123zzj123/Unity,119
307,CodeGize/UnitySapi,0
308,dbrizov/NaughtyCharacter,6
309,newyellow/Unity-Runtime-Animation-Recorder,6
310,Bunny83/UnityWindowsFileDrag-Drop,0
311,Seneral/Node_Editor_Framework,0
312,vovacooper/Unity3d_MQTT,0
313,judah4/HSV-Color-Picker-Unity,1
314,k-lock/Unity3D,115
315,Leopotam/LeopotamGroupLibraryUnity,12
316,adevine1618/KinectSDK-Unity3D_Interface_Plugin,0
317,andydbc/unity-shadergraph-sandbox,0
318,microsoft/unityplugins,3
319,unitycontainer/container,0
320,traggett/UnityFramework,0
321,microsoft/MRDL_Unity_PeriodicTable,0
322,yasirkula/UnitySimplePatchTool,0
323,FatihBAKIR/UnityPacker,0
324,mortennobel/UnityUtils,0
325,HipsterSloth/psmove-unity5,57
326,WestHillApps/UniGif,0
327,5argon/protobuf-unity,0
328,valryon/water2d-unity,0
329,wudixiaop/ShaderlabVS,0
330,Xerxes1138/UnitySSR,0
331,zulfajuniadi/unity-ecs-navmesh,9
332,asus4/UnityNativeDialogPlugin,0
333,inkle/ink-unity-integration,1
334,coding2233/UnityPaint,4
335,Meragon/Unity-WinForms,0
336,nhn/socket.io-client-unity3d,3
337,Elringus/SpriteDicing,0
338,bitrave/azure-mobile-services-for-unity3d,7
339,jamiltron/2048-unity,11
340,EdyJ/blender-to-unity3d-importer,0
341,Over17/UnityAndroidPermissions,0
342,andydbc/unity-frosted-glass,2
343,ouya/ouya-unity-plugin-old,47
344,prime31/RecyclerKit,0
345,robertcupisz/LightShafts,0
346,keijiro/SkyboxPlus,0
347,s-m-k/Unity-Animation-Hierarchy-Editor,0
348,mattatz/unity-triangulation2D,3
349,stillwwater/command_terminal,0
350,Tencent/InjectFix,0
351,paynechu/jsonfx-for-unity3d,0
352,onepf/OpenIAB-Unity-Plugin,0
353,unity3d-jp/NVIDIAHairWorksIntegration,9
354,insthync/UnityMultiplayerARPG_MMO,0
355,rotorz/unity3d-reorderable-list,0
356,meta-42/UnityFramework,13
357,ejlv/UnityDarkThemePatch,0
358,n-yoda/unity-vertex-effects,0
359,MrNerverDie/Unity-Flappy-Bird,1
360,azixMcAze/Unity-UIGradient,0
361,NoelFB/UnityTile3D,0
362,GreatArcStudios/unitypausemenu,2
363,Unity-Technologies/InputSystem,0
364,kimsama/unity3d-webview-csharp,2
365,winxalex/Unity3d-InputMapper,21
366,Elringus/SpriteGlow,0
367,williambl/unity-destruction,4
368,zs9024/UnityRTC,0
369,BepInEx/BepInEx,7
370,stella3d/job-system-cookbook,0
371,PlayFab/UnityEditorExtensions,0
372,mapbox/mapbox-ar-unity,97
373,keijiro/RippleEffect,0
374,ViveSoftware/ViveInputUtility-Unity,114
375,muckSponge/UnityAsync,1
376,soomla/soomla-unity3d-core,0
377,mattatz/unity-volume-rendering,4
378,eliasts/Ocean_Community_Next_Gen,7
379,tucano/UnityRandom,1
380,kode80/UnityTools,1
381,meta-42/UnityGameplayTutorials,29
382,yukihiko/ThreeDPoseUnitySample,22
383,Cotoff/UnityHeapEx,0
384,coding2233/TextInlineSprite,0
385,keijiro/UnityCubes,0
386,LingJiJian/NavmeshExport,2
387,jbruening/unity3d-extensions,0
388,PushyPixels/BreakfastWithUnity,75
389,jongallant/DungeonGenerator,1
390,CaptainHillman/UnityTools,27
391,coding2233/UnityGameFramework,23
392,neil3d/UnityRemoteLog,0
393,newman55/unity-mod-manager,12
394,sttsai/PBaseDefense_Unity3D_Ver5,2
395,heroiclabs/nakama-unity,0
396,rayosu/UnityDllInjector,0
397,OCASM/SSMS,0
398,marijnz/unity-toolbar-extender,0
399,prime31/TouchKit,44
400,sonicether/SEGI,31
401,Scrawk/Marching-Cubes,0
402,meniku/NPBehave,1
403,GameGrind/Simple-RPG-in-Unity,55
404,marcteys/unityFaceTracking,0
405,setchi/FancyScrollView,0
406,ray-cast/UnityVOXFileImport,0
407,SaiTingHu/HTFramework,15
408,miguel12345/UnityWireframeRenderer,0
409,Syn-McJ/TFClassify-Unity,0
410,mob-sakai/SoftMaskForUGUI,0
411,andydbc/unity-texture-packer,0
412,Ninjajie/Fusion,33
413,sjai013/UnityGameplayAbilitySystem,21
414,kyubuns/Baum2,0
415,OSVR/OSVR-Unity,15
416,keijiro/NoiseBall,0
417,Thundernerd/Unity3D-ExtendedEditor,13
418,keijiro/Firefly,0
419,dilmerv/UnityVFXEssentials,0
420,sideeffects/HoudiniEngineForUnity_deprecated,2
421,runwayml/unity,0
422,hussien89aa/Unity2DGameTutorial,7
423,gitgiter/unity3d-learning,23
424,ReaLisApp/Unity,57
425,Thundernerd/Unity3D-ExtendedEvent,0
426,UnityTutorialsHD/Unity-Tutorial-Assets,24
427,MrJoy/UnityREPL,0
428,nickgravelyn/UnityTiled,0
429,sharpaccent/Astar-for-Unity,0
430,adrenak/Tork,3
431,off99555/Unity3D-Python-Communication,0
432,keijiro/KinoContour,0
433,Unity-Technologies/DOTS-Shmup3D-sample,19
434,microsoft/xbox-live-unity-plugin,16
435,zezba9000/UnityMathReference,1
436,keijiro/SpektrLightning,1
437,robertoardila/support-unity-memoryprofiler,0
438,eral/UnityUIExtention,0
439,codeMonkeyWang/UnityChanAR,26
440,keijiro/KvantWig,0
441,jareguo/unity-ugui,0
442,marijnz/unity-shell,0
443,dgkanatsios/FlappyBirdStyleGame,9
444,paullj/unity-tilemap,0
445,OskarSigvardsson/unity-delaunay,30
446,Mukarillo/UnityDynamicScrollRect,10
447,AdamRamberg/unity-atoms,12
448,ThirdPartyNinjas/UnityTools,0
449,Brackeys/RPG-Tutorial,20
450,microsoft/MapsSDK-Unity,4
451,TobiasWehrum/unity-utilities,8
452,keijiro/UnityMrtTest,0
453,TheAllenChou/unity-cj-lib,2
454,dr-matt-smith/unity-5-cookbook-codes,69
455,mtschoen/JSONObject,0
456,Scrawk/Terrain-Topology-Algorithms,0
457,AllenKashiwa/StudyUnity,8
458,Dharengo/Spriter2UnityDX,0
459,xieliujian/UnityDemo_ProjectorShadow,5
460,f111fei/react-native-unity-demo,0
461,TakuanDaikon/DFGUI,37
462,sanukin39/UniClipboard,0
463,chenjd/Realistic-Real-Time-Grass-Rendering-With-Unity,0
464,neuecc/MessagePack-CSharp,0
465,kwanchangnim/Jello-Physics,0
466,FriskeKC31/UnityTutorials,16
467,igiagkiozis/CrystalAI,0
468,trulyspinach/Unity-Neural-Network-Tanks-AI,3
469,schlunsen/UnityAwesomium,8
470,miketucker/UnityAudioVisualizerTutorial,12
471,keijiro/KvantStream,0
472,zhenghongzhi/Unity-JumpJump,3
473,joexi/Excel4Unity,0
474,xasset/xasset,0
475,PhilSA/ECSPhysics,0
476,mr-kelly/KEngine,0
477,stereolabs/zed-unity,55
478,Facepunch/Facepunch.Steamworks,0
479,unity3d-jp/UnityChanBallRoll,33
480,Siccity/GLTFUtility,0
481,hecomi/UnityECSBoidsSimulation,0
482,L-Lawliet/UGUIExtend,0
483,kobakei/unity-gcm,0
484,jaredmessenger/unity3d-google-analytics,0
485,hiryma/UnitySamples,36
486,GameBuildingBlocks/PerfAssist,0
487,Shmaug/UnityPlanets,28
488,FICTURE7/UnityDissector,0
489,leoin2012/Unity-MeshMask,0
490,f15gdsy/2D-Light-of-Sight-Unity,15
491,EdoFrank/RainDropEffect,0
492,nicloay/Node-Inspector,3
493,Brackeys/NavMesh-Tutorial,0
494,NormandErwan/ArucoUnity,0
495,keijiro/KinoMotion,0
496,liortal53/MissingReferencesUnity,0
497,Unity-Technologies/usd-unity-sdk,0
498,TeamSirenix/odin-serializer,0
499,aschearer/unitysizeexplorer,0
500,JoaoBorks/unity-fastpacedmultiplayer,3
501,sloopidoopi/Spout4Unity,3
502,pharan/Unity-MeshSaver,0
503,8thwall/xr-unity,17
504,GongFaxin/protobuf_for_unity,0
505,krockot/Unity-TaskManager,0
506,MaxSigma/UnityExperiments,17
507,jknightdoeswork/gpu-physics-unity,0
508,yasirkula/UnityRuntimePreviewGenerator,0
509,cleavetv/unity-framework,5
510,trgrote/JPS-Unity,5
511,xuzhiping7/Unity3d-ShowFPS,0
512,possiblecee/UnityVision-iOS,6
513,adjust/unity_sdk,0
514,sinbad/UnityInstancedHealthBars,0
515,keijiro/KinoBokeh,0
516,avseoul/Unity3D_RayMarching_MetaBall,3
517,daterre/Cradle,0
518,luzexi/Unity3DuGUI-Toolkit,0
519,smokelore/UnityPointCloud,5
520,Konash/arabic-support-unity,0
521,yasgamesdev/MOBA_CSharp_Unity,26
522,vrm-c/UniVRM,5
523,taphos/unity-uitest,0
524,mattak/Unidux,0
525,konsfik/Unity3D-Coding-Examples,2
526,neuecc/LINQ-to-GameObject-for-Unity,0
527,keijiro/KvantWall,0
528,if1live/unity-scene-web-exporter,0
529,bkeiren/AwesomiumUnity,3
530,zoon/nunit-unity3d,0
531,joeante/Unity.GPUAnimation,0
532,Zuntatos/UnityHeapDump,0
533,Blueteak/Unity-Neural-Network,1
534,agens-no/PolyglotUnity,0
535,ashblue/unity-skill-tree-editor,0
536,mminer/consolation,2
537,xieliujian/UnityDemo_Splatoon,21
538,OpenHogwarts/hogwarts,92
539,google/play-instant-unity-plugin,7
540,SubjectNerd-Unity/UnityPixelCamera,0
541,mopsicus/infinite-scroll-unity,0
542,prime31/P31UnityAddOns,3
543,eppz/Unity.Library.eppz.Geometry,0
544,abhimir/UnitySimpleMapGenerator,0
545,michaeljenkin/unityros,9
546,Gohla/unity3d-fps-networking-prototype,11
547,brianasu/unity-ray-marching,0
548,Shinao/Unity-GPU-Boids,17
549,akadjoker/UnityAssimp,2
550,sideeffects/HoudiniEngineForUnity,0
551,resonance-audio/resonance-audio-unity-sdk,14
552,OneSignal/OneSignal-Unity-SDK,0
553,amazon-archives/aws-sdk-unity,0
554,xoofx/UnityNuGet,0
555,IronWarrior/UnityCameraShake,0
556,darkfall/MagicaVoxelUnity,0
557,redbluegames/unity-mulligan-renamer,0
558,pr0g/unity-portal-rendering,16
559,xieliujian/UnityDemo_Avatar,0
560,dentedpixel/LeanTween,26
561,Metapyziks/SanAndreasUnity,15
562,Kink3d/kShading,0
563,ShanguUncle/UnityChatSDK,4
564,keijiro/KlakNDI,0
565,SebLague/Blender-to-Unity-Character-Creation,14
566,xuzhiping7/Unity3d-Timer,0
567,keijiro/UnityDxrTest,0
568,Seanba/SuperTiled2Unity,2
569,toxicFork/Unity3D-TextureAtlasSlicer,0
570,Brackeys/Portal-In-Unity,38
571,artgou/Unity3D-Protobuf-Socket,1
572,Stereoarts/SAFullBodyIK,0
573,AyARL/UnityGUIExamples,0
574,gwaredd/unium,2
575,googlevr/daydream-renderer-for-unity,0
576,mattatz/unity-procedural-tree,2
577,nubick/unity-utils,1
578,tanhaiwang/udpkit,0
579,exmex/UnityMoba-server,0
580,MaxwellGengYF/Unity-Human-Skin-Shader-PC,13
581,Unity-Technologies/UnityOptions,0
582,twitter-archive/twitter-kit-unity,0
583,jean-moreno/EdgeDetect-PostProcessingUnity,0
584,SardineFish/Unity2DLighting,1
585,jongallant/UnityColorPicker,15
586,zeh/unity-tidbits,1
587,JISyed/Unity-XboxCtrlrInput,35
588,Unity-Technologies/EditorXR,0
589,zeh/usfxr,17
590,yasirkula/UnityAndroidRuntimePermissions,0
591,dgkanatsios/InfiniteRunner3D,12
592,kitasenjudesign/UnityARFaceDeformation,21
593,piti6/UnityGpuInstancedAnimation,6
594,coppra/flappy_bird,4
595,fo-dicom/fo-dicom,0
596,thedersen/UnityConfiguration,0
597,MoMe36/Unity,71
598,supron54321/DotsUI,10
599,kode80/kode80CloudsUnity3D,10
600,sanukin39/UniAndroidPermission,0
601,akof1314/AssetBundleReporter,0
602,keijiro/Flipbook,0
603,parahunter/triangle-net-for-unity,2
604,miyabi/unity-swift,0
605,h8man/NavMeshPlus,0
606,skakac/2d-basketball-unity3d,9
607,xebecnan/UniLua,0
608,luzexi/Unity3DNetwork-http,0
609,tsarikovskiy/Unity3D-DynamicallyLoadingAnimation,0
610,skooter500/UnitySteeringBehaviours,23
611,skhamis/Unity-ECS-RTS,4
612,Cysharp/UniTask,0
613,selfsame/unity-wave-function-collapse,0
614,midworld/unity-googledrive,1
615,SubjectNerd-Unity/Psd2UnityImporter,0
616,microsoft/MRDL_Unity_LunarModule,83
617,Leopotam/UnityPackedColor,0
618,Robert-K/gpu-particles,3
619,loomnetwork/unity-sdk,12
620,mob-sakai/UpmGitExtension,0
621,liuhaopen/UnityMMO-Resource,3
622,Avatarchik/UnityExtensions,0
623,zhutaorun/HGFramework,36
624,chenjd/Unity-Boids-Behavior-on-GPGPU,0
625,kitasenjudesign/UnityGpuInstancing,2
626,wacki/Unity-IndentShader,5
627,OSVR/Unity-VR-Samples,28
628,tangrams/tangram-unity,0
629,Arvtesh/UnityFx.Async,0
630,andydbc/HologramShader,2
631,patricksebastien/libpd4unity,0
632,liuhaopen/UGUI-Editor,0
633,ExtendRealityLtd/Zinnia.Unity,0
634,mtysgithub/Qualcomm.Vuforia.UnityExtensions,0
635,hammmm/unity-obj-loader,0
636,tinyantstudio/EnhancedScrollView,70
637,CarolSum/Unity3d-Learning,65
638,vedi/restifizer-unity3d,0
639,dkrprasetya/simple-firebase-unity,5
640,federicodangelo/CubeWorld,20
641,Michsky/lomenui,7
642,keijiro/KinoVision,0
643,noisecrime/Unity-EasingLibraryVisualisation,10
644,jiangzhhhh/Unity-MultiProcess-BuildPipeline,0
645,tcmxx/UnityTensorflowKeras,7
646,mattatz/unity-procedural-flower,3
647,MaxwellGengYF/Unity-MPipeline-Framework,0
648,Majchrzak/Flurry-Unity-3D,0
649,chris-chris/unity-core-server-login,0
650,azixMcAze/Unity-SerializableDictionary,0
651,keijiro/unity-audio-spectrum,0
652,udacity/RoboND-Rover-Unity-Simulator,85
653,DragonBones/DragonBonesCSharp,26
654,Scrawk/PBD-Fluid-in-Unity,10
655,kenmaz/TempleRun-Unity,7
656,hiddenswitch/Meteor-Unity,0
657,leoin2012/Unity-CircleImage,0
658,mcraiha/Unity-UI-emoji,0
659,tkyaji/UnityIPhoneXSupport,0
660,CymaticLabs/Unity3D.Amqp,4
661,thnewlands/unity-deformablesnow,32
662,maajor/OSMTrafficSim,0
663,ashwaniarya/Unity3D-Simple-Mobile-Joystick,0
664,gportelli/UnityScreenResolutionManager,1
665,xraxra/SDFr,10
666,vimeo/vimeo-unity-sdk,0
667,Miraikomachi/MiraikomachiUnity,0
668,gilescoope/shader-graph-nodes,0
669,Tiggilyboo/UnityQuadTreePlanet,0
670,googlearchive/poly-toolkit-unity,4
671,wacki/Unity-VRInputModule,83
672,suncube/Base-Helicopter-Controller,47
673,keijiro/ColorSuite,0
674,ManlyMarco/RuntimeUnityEditor,4
675,xieliujian/UnityDemo_Splatoon2,7
676,JPBotelho/Unity-Road-Generator,0
677,deniszykov/csharp-eval-unity3d,0
678,EllanJiang/StarForce,2
679,playtomic/gameapi-unity3d,0
680,Dandarawy/Unity3D_2DRopeEditor,0
681,Chman/SMAA,0
682,jeffvella/UnityAStarNavigation,4
683,keijiro/KinoBinary,0
684,RoundBearChoi/2.5D_Platformer_Unity,28
685,jongallant/LiquidSimulator,4
686,Scrawk/Interactive-Erosion,14
687,FirebaseExtended/unity-solutions,0
688,Dandarawy/Unity3DPolylineEditor,0
689,zeyangl/UnityAppNameLocalizationForIOS,0
690,Perfare/UnityLive2DExtractor,0
691,M-Fatah/texture_maker,0
692,dpull/AssetBundlePatch,4
693,LightBuzz/Speech-Recognition-Unity,0
694,Glauz/Unity3D-CharacterCustomizationTutorial,16
695,erinlin/PureMVC-Unity-Demo,0
696,SadPandaStudios/AssetBundleManager,0
697,keijiro/Kino,0
698,Arlorean/UnityComputeShaderTest,0
699,NASA-AMMOS/Unity3DTiles,53
700,cartzhang/UnityConsoleWindow,8
701,deniszykov/charon-unity3d,0
702,theSoenke/ProceduralTerrain,11
703,KonsomeJona/unity-gb,3
704,l2xin/Unity2018T4M,0
705,Staleness89/Unity3DWoW,60
706,Unity-Technologies/NotificationsSamples,0
707,karl-/UnityDefineManager,0
708,ryanw3bb/unity-native-toolkit,0
709,littleredhat1997/Unity-Tricks,62
710,litefeel/Unity-BitmapFontImporter,0
711,Michsky/muip,1
712,MrJoy/UnityGUIExtensions,0
713,rygo6/CardExample-Unity,0
714,LewisJohnson/unity-ui-examples,44
715,thefuntastic/unity-object-pool,4
716,garettbass/UnityExtensions.ArrayDrawer,0
717,keijiro/unity-alphamask,0
718,RyanNielson/PixelCamera2D,0
719,keijiro/ChromaPack,0
720,neuecc/Utf8Json,0
721,UnityTech/DocCN,0
722,keijiro/KinoIsoline,0
723,microsoft/MRDesignLabs_Unity_Tools,58
724,xerysherry/uEmuera,6
725,keijiro/FadeToSkybox,0
726,Sorumi/UnityRayTracingGem,1
727,MafiaHub/MafiaUnity,16
728,octo-code/webp-unity3d,0
729,FriendSea/BookUI4Unity,0
730,jacksondunstan/NativeCollections,0
731,terravision/UnityTextScene,0
732,eppz/Unity.Blog.Unity_Android_plugin_tutorial,0
733,googlevr/seurat-unity-plugin,1
734,pavelkomiagin/unity3d-fortune-wheel,0
735,Hello-Meow/ModTool,0
736,akof1314/AnimationPath,0
737,yanghuan/CSharpLuaForUnity,6
738,comoc/UnityCloudVision,0
739,TheSniperFan/unityserializer-ng,6
740,llafuente/unity-platformer,11
741,demonixis/Unity-toolbox,28
742,keijiro/KvantTunnel,0
743,TimChen44/Unity3D-DXF-Viewer,4
744,CloudBreadProject/CloudBread-Unity-SDK,0
745,Unity-Technologies/com.unity.probuilder,58
746,Flafla2/Generic-Raymarch-Unity,0
747,wideioltd/unity3d-ttftext,2
748,marijnz/unity-editor-coroutines,0
749,hiramtan/HiAssetBundle_unity,0
750,rzubek/UnityGameTools,0
751,jtothebell/UnityStreamingMovieTexture,0
752,beinteractive/SVGMeshUnity,3
753,wuqxuan/LifeLineUnity,0
754,unity3d-jp/unitychan2d,3
755,candycat1992/OIT_Lab,0
756,johnsietsma/ExtendingLWRP,0
757,unity3d-open-tools/openpath,0
758,inoook/UnityURG,0
759,deniszykov/msgpack-unity3d,0
760,SaladLab/Unity3D.UselessAttributeStripper,0
761,infocom-tpo/PoseNet-Unity,0
762,Betorped0/friendsmash-unity,0
763,Chman/Typogenic,1
764,onevcat/XUPorter,0
765,umiyuki/UnityAFrameExporter,22
766,sinbad/UnityCsvUtil,0
767,GrymmyD/UnityBehaviourTree,0
768,Ludomancer/Unity-Audio-Sequencer,0
769,bam93/UnityMol-Releases,169
770,spatialos/gdk-for-unity-fps-starter-project,23
771,TarasOsiris/unity3d-prefab-pool,0
772,leapmotion/LeapMotionCoreAssets,86
773,TarasOsiris/unity3d-prefab-pool,0
774,hecomi/VrGrabber,4
775,keijiro/CosineGradient,0
776,haysclark/unity3d-texturepackerimporter,0
777,tparisi/Unity-glTF-Exporter,0
778,Arcturus-Studio/TOUnityUtilities,0
779,jesta88/Unity-Voronoi,3
780,mlavik1/UnityVolumeRendering,0
781,StormBurpee/Unity_Pokemon,30
782,duanjiahao/UnityDecompiled,59
783,Brackeys/2D-Movement,4
784,sugi-cho/Unity-GPU-Particle,2
785,nicksam112/pokeclone,42
786,bayaba/3D-Action-Game-Example-Unity,21
787,ditzel/UnityOceanWavesAndShip,6
788,raphael-ernaelsten/Texture3DPreview-for-Unity,0
789,sassembla/Autoya,0
790,eVRydayVR/Unity360PanoramaCapture,1
791,noir-neo/UnityARKitMultipeerConnectivity,0
792,spr1ngd/Unity.PureMVC,0
793,erickpassos/MiniMOBA,2
794,Banbury/UnityHexGrid,0
795,Real-Serious-Games/Unity-Android-Plugin-Example,0
796,trond/Unity-Community-Ocean,7
797,MichaelTaylor3D/UnityGPSConverter,0
798,Phylliida/UnityWindowsCapture,41
799,fluviofx/fluviofx,0
800,mikecann/Unity-Helpers,0
801,MichaelTaylor3D/UnityGPSConverter,0
802,bugsnag/bugsnag-unity,0
803,Brackeys/MultiplayerFPS-Tutorial,42
804,Live2D/CubismUnityComponents,6
805,t-mat/UnitySceneViewFovControl,0
806,avseoul/Unity3D_LiquidySurfaceShader,2
807,webbertakken/unity-actions,0
808,keijiro/Lasp,0
809,zouhunter/unity-bridge-ui-framework,38
810,unitycontainer/abstractions,0
811,Reinisch/Warcraft-Arena-Unity,26
812,mob-sakai/UnmaskForUGUI,0
813,prime31/UnityCgShaderTutorials,0
814,jbruening/UnityMesh,4
815,mouseroot/Unity3D-Scripts,18
816,Scrawk/Proland-To-Unity,28
817,SiiMeR/unity-volumetric-fog,6
818,EsimpleStudios/Unity3D-Anaglyph-izer,4
819,Scrawk/Brunetons-Ocean,4
820,marijnz/unity-editor-spotlight,0
821,microsoft/appcenter-sdk-unity,0
822,lordofduct/spacepuppy-unity-framework-3.0,101
823,MuNgLo/UnityNetworkExample,8
824,FlaShG/GitMerge-for-Unity,0
825,MatthewHallberg/TensorFlowUnity-ObjectDetection,0
826,yangrc1234/SpringBone,22
827,aosoft/Xamarin.Forms.Unity,0
828,kode80/PixelRenderUnity3D,4
829,vivekhnz/UnityEffects,32
830,steve3003/unity-profiler-data-exporter,0
831,pctroll/unity3d-music-visualizer,0
832,fredpointzero/UnityBuild,0
833,dgkanatsios/TowerDefense,11
834,IanPhilips/UnityAndroidVRARBrowser,110
835,Pushwoosh/pushwoosh-unity,0
836,sagivo/Unity2d-Game,24
837,roblevine/UnityLog4NetExtension,0
838,keijiro/KvantLattice,0
839,sinbad/UnityMultiBuild,0
840,obviousjim/OpenTSPS_Unity3d_Extension,0
841,vilbeyli/Pacman,5
842,fgrehm/pucrs-unity3d-pool,3
843,modio/UnityPlugin,21
844,devtrends/Unity.WebAPI,0
845,mopub/mopub-unity-sdk,3
846,nomand/PBRBlendShader,7
847,quill18/UnityCallbackAndEventTutorial,4
848,FinneyTang/TsiU_AIToolkit_CSharp,8
849,InvexGames/MaterialUI,7
850,luxkun/ReGoap,0
851,HiddenMonk/Unity3DCustomCharacterControllerCapsuleCollisionDetection,5
852,mattatz/unity-mesh-smoothing,0
853,Antypodish/ECS-Octree,2
854,mattatz/unity-verlet-simulator,6
855,nomand/PBRBlendShader,7
856,FinneyTang/TsiU_AIToolkit_CSharp,8
857,luzexi/Unity3DMVC,0
858,dgkanatsios/TowerDefense,11
859,andydbc/unity-texture-curve,2
860,WestHillApps/uGUI-Effect-Tool,0
861,Phylliida/UnityVOIP,2
862,cmusphinx/pocketsphinx-unity-demo,0
863,InvexGames/MaterialUI,7
864,tutsplus/unity-2d-water-effect,2
865,mattatz/unity-gpu-particle-system,22
866,tdonlan/UnityRPG,42
867,charlesveasey/UnityDomemaster,31
868,snozbot/fungus,35
869,SebLague/Portals,10
870,andersonaddo/EZ-Camera-Shake-Unity,2
871,octo-code/obj-unity3d,0
872,khrona/UnityAwe,9
873,LMNRY/SetProperty,0
874,Demigiant/demilib,23
875,sttz/install-unity,0
876,lewa-j/Unity-Source-Tools,23
877,Shogan/PixelSpriteGenerator-Unity,0
878,Scrawk/Position-Based-Dynamics,0
879,caozero/unityInstancedGrass,31
880,i-saint/RaymarchingOnUnity5,31
881,yasirkula/UnityImageCropper,0
882,unity3d-open-tools/opengui,50
883,openpool/openpool-core-unity,6
884,atrakeur/unity-unet-authoritative-networking,11
885,pbhogan/InControl,0
886,Unity-Technologies/UIElementsExamples,0
887,StephenGuanqi/Unity-ARKit-Plugin,7
888,jizc/CloudOnce,0
889,SubjectNerd-Unity/ReorderableInspector,0
890,Unity-Harry/Unity-AssetDependencyGraph,0
891,microsoft/MSBuildForUnity,0
892,gregzo/G-Audio,4
893,Countly/countly-sdk-unity,0
894,SivanLiu/Unity,145
895,vasyab/UnityHeapCrawler,0
896,YarnSpinnerTool/YarnSpinner,2
897,asus4/unity-taptic-plugin,0
898,craigkj312/unity-arkit-portal,11
899,Santarh/MToon,0
900,rubbyzhang/Unity-EmojiText,2
901,textcube/unity2d-example,7
902,xieliujian/UnityDemo_PlanarShadow,5
903,Xander93/unity3d-draganddrop,0
904,udacity/arkit-unity-course-assets,15
